Type,Category,File,Count
Unlogged security exception,Medium impact security,/garbage/GarbageGarbageGarbage/SymmetricEnc_GarbageGarbageGarbage.java,1
Unlogged security exception,Medium impact security,/arcfour/ARCFOURECBNoPadding/SymmetricEnc_ARCFOURECBNoPadding.java,1
Unlogged security exception,Medium impact security,/aes/aes/SymmetricEnc_AES.java,1
Unlogged security exception,Medium impact security,/arcfour/SymmetricEnc_ARCFOURNoneGarbage.java,1
Unlogged security exception,Medium impact security,/arcfour/ARCFOUR/SymmetricEnc_ARCFOUR.java,1
Unlogged security exception,Medium impact security,/arcfour/SymmetricEnc_ARCFOURGarbageNoPadding.java,1
Unlogged security exception,Medium impact security,/arcfour/SymmetricEnc_ARCFOURGarbageGarbage.java,1
Unlogged security exception,Medium impact security,/aes/aes_128/SymmetricEnc_AES_128.java,1
Unlogged security exception,Medium impact security,/aes/AE$S/SymmetricEnc_AE$SECBNoPadding.java,1
Unlogged security exception,Medium impact security,/garbage/SymmetricEnc_GarbageECBNoPadding.java,1
Unlogged security exception,Medium impact security,/garbage/SymmetricEnc_GarbageECBGarbage.java,1
Unlogged security exception,Medium impact security,/garbage/SymmetricEnc_GarbageNoneNoPadding.java,1
Unlogged security exception,Medium impact security,/aes/SymmetricEnc_AESECBNoPadding.java,1
Unlogged security exception,Medium impact security,/garbage/SymmetricEnc_Garbage.java,1
Unlogged security exception,Medium impact security,/arcfour/SymmetricEnc_ARCFOURECBGarbage.java,1
Unlogged security exception,Medium impact security,/arcfour/SymmetricEnc_ARCFOURNoneNoPadding.java,1
Unlogged security exception,Medium impact security,/aes/AE$S/SymmetricEnc_AE$S.java,1
Unlogged security exception,Medium impact security,/garbage/SymmetricEnc_GarbageGarbageNoPadding.java,1
Unlogged security exception,Medium impact security,/garbage/SymmetricEnc_GarbageNoneGarbage.java,1
'Constant' variable guards dead code,Possible Control flow issues,/des/SymmetricEnc_DESCCMPKCS1Padding.java,1
'Constant' variable guards dead code,Possible Control flow issues,/rc4/SymmetricEnc_RC4GCMOAEPPadding.java,1
'Constant' variable guards dead code,Possible Control flow issues,/rc2/SymmetricEnc_RC2CTRSSL3Padding.java,1
'Constant' variable guards dead code,Possible Control flow issues,/blowfish/BlowfishPCBCPKCS5Padding/SymmetricEnc_BlowfishPCBCPKCS5Padding.java,1
'Constant' variable guards dead code,Possible Control flow issues,/blowfish/BlowfishCBCPKCS5Padding/SymmetricEnc_BlowfishCBCPKCS5Padding.java,1
'Constant' variable guards dead code,Possible Control flow issues,/des/SymmetricEnc_DESOFBSSL3Padding.java,1
'Constant' variable guards dead code,Possible Control flow issues,/des/SymmetricEnc_DESOFBOAEPPadding.java,1
'Constant' variable guards dead code,Possible Control flow issues,/blowfish/blowfish/SymmetricEnc_Blowfish.java,1
'Constant' variable guards dead code,Possible Control flow issues,/rc4/SymmetricEnc_RC4GCMISO10126Padding.java,1
'Constant' variable guards dead code,Possible Control flow issues,/des/SymmetricEnc_DESPCBCSSL3Padding.java,1
'Constant' variable guards dead code,Possible Control flow issues,/garbage/SymmetricEnc_GarbageNoneNoPadding.java,1
'Constant' variable guards dead code,Possible Control flow issues,/blowfish/SymmetricEnc_BlowfishCCMISO10126Padding.java,1
'Constant' variable guards dead code,Possible Control flow issues,/rc2/SymmetricEnc_RC2CTRPKCS1Padding.java,1
'Constant' variable guards dead code,Possible Control flow issues,/blowfish/SymmetricEnc_BlowfishPCBCNoPadding.java,1
'Constant' variable guards dead code,Possible Control flow issues,/arcfour/SymmetricEnc_ARCFOURCFBSSL3Padding.java,1
'Constant' variable guards dead code,Possible Control flow issues,/arcfour/SymmetricEnc_ARCFOUROFBSSL3Padding.java,1
'Constant' variable guards dead code,Possible Control flow issues,/rc2/SymmetricEnc_RC2NoneISO10126Padding.java,1
'Constant' variable guards dead code,Possible Control flow issues,/des/SymmetricEnc_DESECBSSL3Padding.java,1
'Constant' variable guards dead code,Possible Control flow issues,/des/SymmetricEnc_DESPCBCPKCS1Padding.java,1
'Constant' variable guards dead code,Possible Control flow issues,/rc4/SymmetricEnc_RC4CTRISO10126Padding.java,1
'Constant' variable guards dead code,Possible Control flow issues,/rc2/RC2CTRPKCS5Padding/SymmetricEnc_RC2CTRPKCS5Padding.java,1
'Constant' variable guards dead code,Possible Control flow issues,/blowfish/SymmetricEnc_BlowfishCCMSSL3Padding.java,1
'Constant' variable guards dead code,Possible Control flow issues,/rc2/RC2CFBISO10126Padding/SymmetricEnc_RC2CFBISO10126Padding.java,1
'Constant' variable guards dead code,Possible Control flow issues,/rc2/SymmetricEnc_RC2CCMOAEPPadding.java,1
'Constant' variable guards dead code,Possible Control flow issues,/rc2/RC2CTSPKCS5Padding/SymmetricEnc_RC2CTSPKCS5Padding.java,1
'Constant' variable guards dead code,Possible Control flow issues,/rc4/SymmetricEnc_RC4CBCOAEPPadding.java,1
'Constant' variable guards dead code,Possible Control flow issues,/rc4/SymmetricEnc_RC4CBCSSL3Padding.java,1
'Constant' variable guards dead code,Possible Control flow issues,/arcfour/SymmetricEnc_ARCFOURECBSSL3Padding.java,1
'Constant' variable guards dead code,Possible Control flow issues,/des/SymmetricEnc_DESedeGCMNoPadding.java,1
'Constant' variable guards dead code,Possible Control flow issues,/rc2/SymmetricEnc_RC2PCBCOAEPPadding.java,1
'Constant' variable guards dead code,Possible Control flow issues,/des/DESOFBPKCS5Padding/SymmetricEnc_DESOFBPKCS5Padding.java,1
'Constant' variable guards dead code,Possible Control flow issues,/blowfish/SymmetricEnc_BlowfishCTSISO10126Padding.java,1
'Constant' variable guards dead code,Possible Control flow issues,/rc4/SymmetricEnc_RC4CTRPKCS5Padding.java,1
'Constant' variable guards dead code,Possible Control flow issues,/arcfour/SymmetricEnc_ARCFOURGCMPKCS5Padding.java,1
'Constant' variable guards dead code,Possible Control flow issues,/rc4/SymmetricEnc_RC4NoneOAEPPadding.java,1
'Constant' variable guards dead code,Possible Control flow issues,/garbage/SymmetricEnc_GarbageNoneGarbage.java,1
'Constant' variable guards dead code,Possible Control flow issues,/aes/AE$S/SymmetricEnc_AE$SECBNoPadding.java,1
'Constant' variable guards dead code,Possible Control flow issues,/rc2/RC2CTSNoPadding/SymmetricEnc_RC2CTSNoPadding.java,1
'Constant' variable guards dead code,Possible Control flow issues,/des/DESedeCTSPKCS5Padding/SymmetricEnc_DESedeCTSPKCS5Padding.java,1
'Constant' variable guards dead code,Possible Control flow issues,/rc4/RC4ECBNoPadding/SymmetricEnc_RC4ECBNoPadding.java,1
'Constant' variable guards dead code,Possible Control flow issues,/blowfish/SymmetricEnc_BlowfishCTROAEPPadding.java,1
'Constant' variable guards dead code,Possible Control flow issues,/des/SymmetricEnc_DESGCMISO10126Padding.java,1
'Constant' variable guards dead code,Possible Control flow issues,/aes/aes/SymmetricEnc_AES.java,1
'Constant' variable guards dead code,Possible Control flow issues,/des/DESedeOFBNoPadding/SymmetricEnc_DESedeOFBNoPadding.java,1
'Constant' variable guards dead code,Possible Control flow issues,/des/desede/SymmetricEnc_DESede.java,1
'Constant' variable guards dead code,Possible Control flow issues,/des/SymmetricEnc_DESedePCBCPKCS1Padding.java,1
'Constant' variable guards dead code,Possible Control flow issues,/blowfish/BlowfishCTRPKCS5Padding/SymmetricEnc_BlowfishCTRPKCS5Padding.java,1
'Constant' variable guards dead code,Possible Control flow issues,/des/DESPCBCPKCS5Padding/SymmetricEnc_DESPCBCPKCS5Padding.java,1
'Constant' variable guards dead code,Possible Control flow issues,/arcfour/SymmetricEnc_ARCFOURPCBCOAEPPadding.java,1
'Constant' variable guards dead code,Possible Control flow issues,/rc4/SymmetricEnc_RC4CTRNoPadding.java,1
'Constant' variable guards dead code,Possible Control flow issues,/arcfour/SymmetricEnc_ARCFOURGCMNoPadding.java,1
'Constant' variable guards dead code,Possible Control flow issues,/des/SymmetricEnc_DESedeCCMOAEPPadding.java,1
'Constant' variable guards dead code,Possible Control flow issues,/des/SymmetricEnc_DESCTROAEPPadding.java,1
'Constant' variable guards dead code,Possible Control flow issues,/des/DESECBPKCS5Padding/SymmetricEnc_DESECBPKCS5Padding.java,1
'Constant' variable guards dead code,Possible Control flow issues,/rc4/SymmetricEnc_RC4OFBISO10126Padding.java,1
'Constant' variable guards dead code,Possible Control flow issues,/arcfour/SymmetricEnc_ARCFOURECBOAEPPadding.java,1
'Constant' variable guards dead code,Possible Control flow issues,/blowfish/BlowfishPCBCISO10126Padding/SymmetricEnc_BlowfishPCBCISO10126Padding.java,1
'Constant' variable guards dead code,Possible Control flow issues,/blowfish/SymmetricEnc_BlowfishOFBOAEPPadding.java,1
'Constant' variable guards dead code,Possible Control flow issues,/arcfour/SymmetricEnc_ARCFOUROFBPKCS5Padding.java,1
'Constant' variable guards dead code,Possible Control flow issues,/rc4/SymmetricEnc_RC4CFBSSL3Padding.java,1
'Constant' variable guards dead code,Possible Control flow issues,/des/DESCTSPKCS5Padding/SymmetricEnc_DESCTSPKCS5Padding.java,1
'Constant' variable guards dead code,Possible Control flow issues,/des/DESedeCBCPKCS5Padding/SymmetricEnc_DESedeCBCPKCS5Padding.java,1
'Constant' variable guards dead code,Possible Control flow issues,/des/SymmetricEnc_DESCTSISO10126Padding.java,1
'Constant' variable guards dead code,Possible Control flow issues,/rc2/SymmetricEnc_RC2NoneNoPadding.java,1
'Constant' variable guards dead code,Possible Control flow issues,/rc2/SymmetricEnc_RC2GCMOAEPPadding.java,1
'Constant' variable guards dead code,Possible Control flow issues,/des/SymmetricEnc_DESPCBCOAEPPadding.java,1
'Constant' variable guards dead code,Possible Control flow issues,/arcfour/SymmetricEnc_ARCFOURNoneOAEPPadding.java,1
'Constant' variable guards dead code,Possible Control flow issues,/rc2/SymmetricEnc_RC2CBCSSL3Padding.java,1
'Constant' variable guards dead code,Possible Control flow issues,/des/SymmetricEnc_DESedeECBOAEPPadding.java,1
'Constant' variable guards dead code,Possible Control flow issues,/arcfour/ARCFOUR/SymmetricEnc_ARCFOUR.java,1
'Constant' variable guards dead code,Possible Control flow issues,/rc2/SymmetricEnc_RC2CCMPKCS1Padding.java,1
'Constant' variable guards dead code,Possible Control flow issues,/des/SymmetricEnc_DESedeNonePKCS5Padding.java,1
'Constant' variable guards dead code,Possible Control flow issues,/blowfish/SymmetricEnc_BlowfishCBCSSL3Padding.java,1
'Constant' variable guards dead code,Possible Control flow issues,/arcfour/SymmetricEnc_ARCFOURCBCPKCS5Padding.java,1
'Constant' variable guards dead code,Possible Control flow issues,/arcfour/SymmetricEnc_ARCFOURCTSPKCS1Padding.java,1
'Constant' variable guards dead code,Possible Control flow issues,/rc2/RC2CTRNoPadding/SymmetricEnc_RC2CTRNoPadding.java,1
'Constant' variable guards dead code,Possible Control flow issues,/arcfour/SymmetricEnc_ARCFOURCTSSSL3Padding.java,1
'Constant' variable guards dead code,Possible Control flow issues,/blowfish/SymmetricEnc_BlowfishECBNoPadding.java,1
'Constant' variable guards dead code,Possible Control flow issues,/rc4/SymmetricEnc_RC4CCMPKCS5Padding.java,1
'Constant' variable guards dead code,Possible Control flow issues,/des/DESPCBCISO10126Padding/SymmetricEnc_DESPCBCISO10126Padding.java,1
'Constant' variable guards dead code,Possible Control flow issues,/des/SymmetricEnc_DESNoneOAEPPadding.java,1
'Constant' variable guards dead code,Possible Control flow issues,/arcfour/SymmetricEnc_ARCFOURCTSOAEPPadding.java,1
'Constant' variable guards dead code,Possible Control flow issues,/des/DESCFBNoPadding/SymmetricEnc_DESCFBNoPadding.java,1
'Constant' variable guards dead code,Possible Control flow issues,/des/DESECBISO10126Padding/SymmetricEnc_DESECBISO10126Padding.java,1
'Constant' variable guards dead code,Possible Control flow issues,/des/SymmetricEnc_DESedeNoneSSL3Padding.java,1
'Constant' variable guards dead code,Possible Control flow issues,/rc2/SymmetricEnc_RC2CFBOAEPPadding.java,1
'Constant' variable guards dead code,Possible Control flow issues,/arcfour/SymmetricEnc_ARCFOURGarbageGarbage.java,1
'Constant' variable guards dead code,Possible Control flow issues,/des/SymmetricEnc_DESedeECBPKCS1Padding.java,1
'Constant' variable guards dead code,Possible Control flow issues,/rc2/SymmetricEnc_RC2PCBCNoPadding.java,1
'Constant' variable guards dead code,Possible Control flow issues,/des/DESedeECBISO10126Padding/SymmetricEnc_DESedeECBISO10126Padding.java,1
'Constant' variable guards dead code,Possible Control flow issues,/des/SymmetricEnc_DESedeCTSPKCS1Padding.java,1
'Constant' variable guards dead code,Possible Control flow issues,/rc4/SymmetricEnc_RC4CBCISO10126Padding.java,1
'Constant' variable guards dead code,Possible Control flow issues,/arcfour/SymmetricEnc_ARCFOURCBCOAEPPadding.java,1
'Constant' variable guards dead code,Possible Control flow issues,/rc4/SymmetricEnc_RC4NoneISO10126Padding.java,1
'Constant' variable guards dead code,Possible Control flow issues,/blowfish/SymmetricEnc_BlowfishCBCNoPadding.java,1
'Constant' variable guards dead code,Possible Control flow issues,/des/SymmetricEnc_DESECBNoPadding.java,1
'Constant' variable guards dead code,Possible Control flow issues,/blowfish/BlowfishCTSNoPadding/SymmetricEnc_BlowfishCTSNoPadding.java,1
'Constant' variable guards dead code,Possible Control flow issues,/des/SymmetricEnc_DESedePCBCSSL3Padding.java,1
'Constant' variable guards dead code,Possible Control flow issues,/des/DESOFBISO10126Padding/SymmetricEnc_DESOFBISO10126Padding.java,1
'Constant' variable guards dead code,Possible Control flow issues,/des/SymmetricEnc_DESedeOFBSSL3Padding.java,1
'Constant' variable guards dead code,Possible Control flow issues,/blowfish/SymmetricEnc_BlowfishGCMPKCS5Padding.java,1
'Constant' variable guards dead code,Possible Control flow issues,/des/DESedePCBCISO10126Padding/SymmetricEnc_DESedePCBCISO10126Padding.java,1
'Constant' variable guards dead code,Possible Control flow issues,/des/SymmetricEnc_DESedeGCMPKCS5Padding.java,1
'Constant' variable guards dead code,Possible Control flow issues,/des/SymmetricEnc_DESedeCBCNoPadding.java,1
'Constant' variable guards dead code,Possible Control flow issues,/rc4/SymmetricEnc_RC4GCMNoPadding.java,1
'Constant' variable guards dead code,Possible Control flow issues,/arcfour/SymmetricEnc_ARCFOURECBPKCS5Padding.java,1
'Constant' variable guards dead code,Possible Control flow issues,/blowfish/BlowfishCFBPKCS5Padding/SymmetricEnc_BlowfishCFBPKCS5Padding.java,1
'Constant' variable guards dead code,Possible Control flow issues,/blowfish/BlowfishCBCISO10126Padding/SymmetricEnc_BlowfishCBCISO10126Padding.java,1
'Constant' variable guards dead code,Possible Control flow issues,/des/DESedeCFBISO10126Padding/SymmetricEnc_DESedeCFBISO10126Padding.java,1
'Constant' variable guards dead code,Possible Control flow issues,/blowfish/SymmetricEnc_BlowfishCTSOAEPPadding.java,1
'Constant' variable guards dead code,Possible Control flow issues,/rc2/SymmetricEnc_RC2NoneSSL3Padding.java,1
'Constant' variable guards dead code,Possible Control flow issues,/des/SymmetricEnc_DESPCBCNoPadding.java,1
'Constant' variable guards dead code,Possible Control flow issues,/rc4/SymmetricEnc_RC4CTSISO10126Padding.java,1
'Constant' variable guards dead code,Possible Control flow issues,/des/SymmetricEnc_DESCTSOAEPPadding.java,1
'Constant' variable guards dead code,Possible Control flow issues,/arcfour/SymmetricEnc_ARCFOURCCMISO10126Padding.java,1
'Constant' variable guards dead code,Possible Control flow issues,/des/DESCBCISO10126Padding/SymmetricEnc_DESCBCISO10126Padding.java,1
'Constant' variable guards dead code,Possible Control flow issues,/rc2/RC2OFBNoPadding/SymmetricEnc_RC2OFBNoPadding.java,1
'Constant' variable guards dead code,Possible Control flow issues,/rc2/SymmetricEnc_RC2NonePKCS5Padding.java,1
'Constant' variable guards dead code,Possible Control flow issues,/blowfish/BlowfishOFBISO10126Padding/SymmetricEnc_BlowfishOFBISO10126Padding.java,1
'Constant' variable guards dead code,Possible Control flow issues,/arcfour/SymmetricEnc_ARCFOUROFBOAEPPadding.java,1
'Constant' variable guards dead code,Possible Control flow issues,/arcfour/SymmetricEnc_ARCFOURECBPKCS1Padding.java,1
'Constant' variable guards dead code,Possible Control flow issues,/rc2/RC2CBCPKCS5Padding/SymmetricEnc_RC2CBCPKCS5Padding.java,1
'Constant' variable guards dead code,Possible Control flow issues,/rc2/SymmetricEnc_RC2CCMPKCS5Padding.java,1
'Constant' variable guards dead code,Possible Control flow issues,/des/SymmetricEnc_DESedeGCMISO10126Padding.java,1
'Constant' variable guards dead code,Possible Control flow issues,/rc4/SymmetricEnc_RC4CFBOAEPPadding.java,1
'Constant' variable guards dead code,Possible Control flow issues,/blowfish/SymmetricEnc_BlowfishNoneISO10126Padding.java,1
'Constant' variable guards dead code,Possible Control flow issues,/rc4/rc4/SymmetricEnc_RC4.java,1
'Constant' variable guards dead code,Possible Control flow issues,/rc2/SymmetricEnc_RC2CBCNoPadding.java,1
'Constant' variable guards dead code,Possible Control flow issues,/rc4/SymmetricEnc_RC4GCMPKCS1Padding.java,1
'Constant' variable guards dead code,Possible Control flow issues,/rc2/SymmetricEnc_RC2GCMPKCS1Padding.java,1
'Constant' variable guards dead code,Possible Control flow issues,/rc2/SymmetricEnc_RC2OFBPKCS1Padding.java,1
'Constant' variable guards dead code,Possible Control flow issues,/rc2/SymmetricEnc_RC2OFBSSL3Padding.java,1
'Constant' variable guards dead code,Possible Control flow issues,/arcfour/SymmetricEnc_ARCFOURCCMNoPadding.java,1
'Constant' variable guards dead code,Possible Control flow issues,/arcfour/SymmetricEnc_ARCFOURCTROAEPPadding.java,1
'Constant' variable guards dead code,Possible Control flow issues,/rc2/RC2OFBISO10126Padding/SymmetricEnc_RC2OFBISO10126Padding.java,1
'Constant' variable guards dead code,Possible Control flow issues,/rc4/SymmetricEnc_RC4NoneSSL3Padding.java,1
'Constant' variable guards dead code,Possible Control flow issues,/des/SymmetricEnc_DESedeNoneISO10126Padding.java,1
'Constant' variable guards dead code,Possible Control flow issues,/rc4/SymmetricEnc_RC4NonePKCS5Padding.java,1
'Constant' variable guards dead code,Possible Control flow issues,/blowfish/SymmetricEnc_BlowfishGCMISO10126Padding.java,1
'Constant' variable guards dead code,Possible Control flow issues,/rc4/SymmetricEnc_RC4CBCNoPadding.java,1
'Constant' variable guards dead code,Possible Control flow issues,/des/DESedeOFBPKCS5Padding/SymmetricEnc_DESedeOFBPKCS5Padding.java,1
'Constant' variable guards dead code,Possible Control flow issues,/rc2/SymmetricEnc_RC2PCBCPKCS1Padding.java,1
'Constant' variable guards dead code,Possible Control flow issues,/arcfour/SymmetricEnc_ARCFOURNoneNoPadding.java,1
'Constant' variable guards dead code,Possible Control flow issues,/des/SymmetricEnc_DESCTSSSL3Padding.java,1
'Constant' variable guards dead code,Possible Control flow issues,/rc4/SymmetricEnc_RC4CCMPKCS1Padding.java,1
'Constant' variable guards dead code,Possible Control flow issues,/arcfour/SymmetricEnc_ARCFOURCCMPKCS1Padding.java,1
'Constant' variable guards dead code,Possible Control flow issues,/arcfour/SymmetricEnc_ARCFOURECBGarbage.java,1
'Constant' variable guards dead code,Possible Control flow issues,/des/SymmetricEnc_DESCBCSSL3Padding.java,1
'Constant' variable guards dead code,Possible Control flow issues,/blowfish/SymmetricEnc_BlowfishPCBCSSL3Padding.java,1
'Constant' variable guards dead code,Possible Control flow issues,/blowfish/SymmetricEnc_BlowfishNonePKCS1Padding.java,1
'Constant' variable guards dead code,Possible Control flow issues,/arcfour/SymmetricEnc_ARCFOURCTRNoPadding.java,1
'Constant' variable guards dead code,Possible Control flow issues,/blowfish/SymmetricEnc_BlowfishECBOAEPPadding.java,1
'Constant' variable guards dead code,Possible Control flow issues,/rc2/SymmetricEnc_RC2CFBPKCS1Padding.java,1
'Constant' variable guards dead code,Possible Control flow issues,/des/SymmetricEnc_DESNonePKCS5Padding.java,1
'Constant' variable guards dead code,Possible Control flow issues,/rc2/SymmetricEnc_RC2ECBSSL3Padding.java,1
'Constant' variable guards dead code,Possible Control flow issues,/blowfish/SymmetricEnc_BlowfishGCMOAEPPadding.java,1
'Constant' variable guards dead code,Possible Control flow issues,/rc2/SymmetricEnc_RC2CCMISO10126Padding.java,1
'Constant' variable guards dead code,Possible Control flow issues,/blowfish/BlowfishCTRNoPadding/SymmetricEnc_BlowfishCTRNoPadding.java,1
'Constant' variable guards dead code,Possible Control flow issues,/des/DESedeCTSNoPadding/SymmetricEnc_DESedeCTSNoPadding.java,1
'Constant' variable guards dead code,Possible Control flow issues,/des/SymmetricEnc_DESCCMOAEPPadding.java,1
'Constant' variable guards dead code,Possible Control flow issues,/rc2/SymmetricEnc_RC2CTSSSL3Padding.java,1
'Constant' variable guards dead code,Possible Control flow issues,/rc2/RC2ECBISO10126Padding/SymmetricEnc_RC2ECBISO10126Padding.java,1
'Constant' variable guards dead code,Possible Control flow issues,/blowfish/SymmetricEnc_BlowfishNoneSSL3Padding.java,1
'Constant' variable guards dead code,Possible Control flow issues,/des/SymmetricEnc_DESedeGCMPKCS1Padding.java,1
'Constant' variable guards dead code,Possible Control flow issues,/arcfour/SymmetricEnc_ARCFOURCFBISO10126Padding.java,1
'Constant' variable guards dead code,Possible Control flow issues,/rc4/SymmetricEnc_RC4CTRPKCS1Padding.java,1
'Constant' variable guards dead code,Possible Control flow issues,/des/DESedeOFBISO10126Padding/SymmetricEnc_DESedeOFBISO10126Padding.java,1
'Constant' variable guards dead code,Possible Control flow issues,/rc4/SymmetricEnc_RC4GCMSSL3Padding.java,1
'Constant' variable guards dead code,Possible Control flow issues,/des/SymmetricEnc_DESCBCNoPadding.java,1
'Constant' variable guards dead code,Possible Control flow issues,/blowfish/SymmetricEnc_BlowfishCTRSSL3Padding.java,1
'Constant' variable guards dead code,Possible Control flow issues,/garbage/SymmetricEnc_GarbageGarbageNoPadding.java,1
'Constant' variable guards dead code,Possible Control flow issues,/rc4/SymmetricEnc_RC4CCMISO10126Padding.java,1
'Constant' variable guards dead code,Possible Control flow issues,/blowfish/SymmetricEnc_BlowfishCCMPKCS1Padding.java,1
'Constant' variable guards dead code,Possible Control flow issues,/rc2/SymmetricEnc_RC2CCMSSL3Padding.java,1
'Constant' variable guards dead code,Possible Control flow issues,/rc2/SymmetricEnc_RC2CFBSSL3Padding.java,1
'Constant' variable guards dead code,Possible Control flow issues,/rc4/SymmetricEnc_RC4OFBOAEPPadding.java,1
'Constant' variable guards dead code,Possible Control flow issues,/blowfish/SymmetricEnc_BlowfishOFBPKCS1Padding.java,1
'Constant' variable guards dead code,Possible Control flow issues,/rc2/RC2PCBCISO10126Padding/SymmetricEnc_RC2PCBCISO10126Padding.java,1
'Constant' variable guards dead code,Possible Control flow issues,/rc2/SymmetricEnc_RC2CTSPKCS1Padding.java,1
'Constant' variable guards dead code,Possible Control flow issues,/arcfour/SymmetricEnc_ARCFOURCFBPKCS5Padding.java,1
'Constant' variable guards dead code,Possible Control flow issues,/arcfour/SymmetricEnc_ARCFOURNoneGarbage.java,1
'Constant' variable guards dead code,Possible Control flow issues,/des/SymmetricEnc_DESCFBSSL3Padding.java,1
'Constant' variable guards dead code,Possible Control flow issues,/des/DESedeCFBNoPadding/SymmetricEnc_DESedeCFBNoPadding.java,1
'Constant' variable guards dead code,Possible Control flow issues,/arcfour/SymmetricEnc_ARCFOURNonePKCS1Padding.java,1
'Constant' variable guards dead code,Possible Control flow issues,/rc4/SymmetricEnc_RC4PCBCPKCS5Padding.java,1
'Constant' variable guards dead code,Possible Control flow issues,/arcfour/SymmetricEnc_ARCFOURGCMISO10126Padding.java,1
'Constant' variable guards dead code,Possible Control flow issues,/des/DESCTRNoPadding/SymmetricEnc_DESCTRNoPadding.java,1
'Constant' variable guards dead code,Possible Control flow issues,/des/SymmetricEnc_DESedeCCMSSL3Padding.java,1
'Constant' variable guards dead code,Possible Control flow issues,/arcfour/SymmetricEnc_ARCFOURNoneSSL3Padding.java,1
'Constant' variable guards dead code,Possible Control flow issues,/blowfish/SymmetricEnc_BlowfishNonePKCS5Padding.java,1
'Constant' variable guards dead code,Possible Control flow issues,/blowfish/SymmetricEnc_BlowfishOFBSSL3Padding.java,1
'Constant' variable guards dead code,Possible Control flow issues,/des/DESOFBNoPadding/SymmetricEnc_DESOFBNoPadding.java,1
'Constant' variable guards dead code,Possible Control flow issues,/rc4/SymmetricEnc_RC4OFBPKCS1Padding.java,1
'Constant' variable guards dead code,Possible Control flow issues,/blowfish/SymmetricEnc_BlowfishCCMPKCS5Padding.java,1
'Constant' variable guards dead code,Possible Control flow issues,/blowfish/SymmetricEnc_BlowfishCFBSSL3Padding.java,1
'Constant' variable guards dead code,Possible Control flow issues,/des/SymmetricEnc_DESCTRPKCS1Padding.java,1
'Constant' variable guards dead code,Possible Control flow issues,/arcfour/SymmetricEnc_ARCFOUROFBISO10126Padding.java,1
'Constant' variable guards dead code,Possible Control flow issues,/des/DESedeCTRNoPadding/SymmetricEnc_DESedeCTRNoPadding.java,1
'Constant' variable guards dead code,Possible Control flow issues,/des/SymmetricEnc_DESedeNonePKCS1Padding.java,1
'Constant' variable guards dead code,Possible Control flow issues,/arcfour/SymmetricEnc_ARCFOURPCBCNoPadding.java,1
'Constant' variable guards dead code,Possible Control flow issues,/des/SymmetricEnc_DESNoneSSL3Padding.java,1
'Constant' variable guards dead code,Possible Control flow issues,/arcfour/SymmetricEnc_ARCFOURGCMOAEPPadding.java,1
'Constant' variable guards dead code,Possible Control flow issues,/des/DESedeCFBPKCS5Padding/SymmetricEnc_DESedeCFBPKCS5Padding.java,1
'Constant' variable guards dead code,Possible Control flow issues,/rc4/SymmetricEnc_RC4PCBCISO10126Padding.java,1
'Constant' variable guards dead code,Possible Control flow issues,/des/SymmetricEnc_DESedeCTRISO10126Padding.java,1
'Constant' variable guards dead code,Possible Control flow issues,/rc4/SymmetricEnc_RC4CBCPKCS1Padding.java,1
'Constant' variable guards dead code,Possible Control flow issues,/blowfish/BlowfishOFBNoPadding/SymmetricEnc_BlowfishOFBNoPadding.java,1
'Constant' variable guards dead code,Possible Control flow issues,/des/SymmetricEnc_DESedeCBCPKCS1Padding.java,1
'Constant' variable guards dead code,Possible Control flow issues,/blowfish/BlowfishCFBISO10126Padding/SymmetricEnc_BlowfishCFBISO10126Padding.java,1
'Constant' variable guards dead code,Possible Control flow issues,/blowfish/BlowfishECBISO10126Padding/SymmetricEnc_BlowfishECBISO10126Padding.java,1
'Constant' variable guards dead code,Possible Control flow issues,/des/SymmetricEnc_DESCCMISO10126Padding.java,1
'Constant' variable guards dead code,Possible Control flow issues,/arcfour/SymmetricEnc_ARCFOURCBCNoPadding.java,1
'Constant' variable guards dead code,Possible Control flow issues,/blowfish/BlowfishCFBNoPadding/SymmetricEnc_BlowfishCFBNoPadding.java,1
'Constant' variable guards dead code,Possible Control flow issues,/rc4/SymmetricEnc_RC4CTSPKCS1Padding.java,1
'Constant' variable guards dead code,Possible Control flow issues,/garbage/SymmetricEnc_GarbageECBGarbage.java,1
'Constant' variable guards dead code,Possible Control flow issues,/blowfish/SymmetricEnc_BlowfishECBSSL3Padding.java,1
'Constant' variable guards dead code,Possible Control flow issues,/blowfish/SymmetricEnc_BlowfishCBCPKCS1Padding.java,1
'Constant' variable guards dead code,Possible Control flow issues,/rc2/SymmetricEnc_RC2CCMNoPadding.java,1
'Constant' variable guards dead code,Possible Control flow issues,/des/DESCBCPKCS5Padding/SymmetricEnc_DESCBCPKCS5Padding.java,1
'Constant' variable guards dead code,Possible Control flow issues,/rc4/SymmetricEnc_RC4ECBSSL3Padding.java,1
'Constant' variable guards dead code,Possible Control flow issues,/blowfish/SymmetricEnc_BlowfishNoneNoPadding.java,1
'Constant' variable guards dead code,Possible Control flow issues,/des/SymmetricEnc_DESNoneNoPadding.java,1
'Constant' variable guards dead code,Possible Control flow issues,/des/SymmetricEnc_DESedeCTSOAEPPadding.java,1
'Constant' variable guards dead code,Possible Control flow issues,/des/DESCTSNoPadding/SymmetricEnc_DESCTSNoPadding.java,1
'Constant' variable guards dead code,Possible Control flow issues,/des/SymmetricEnc_DESedeOFBOAEPPadding.java,1
'Constant' variable guards dead code,Possible Control flow issues,/arcfour/SymmetricEnc_ARCFOURCFBNoPadding.java,1
'Constant' variable guards dead code,Possible Control flow issues,/des/SymmetricEnc_DESedePCBCOAEPPadding.java,1
'Constant' variable guards dead code,Possible Control flow issues,/rc4/SymmetricEnc_RC4NoneNoPadding.java,1
'Constant' variable guards dead code,Possible Control flow issues,/rc4/SymmetricEnc_RC4CTRSSL3Padding.java,1
'Constant' variable guards dead code,Possible Control flow issues,/des/SymmetricEnc_DESedeCTRSSL3Padding.java,1
'Constant' variable guards dead code,Possible Control flow issues,/rc2/SymmetricEnc_RC2CBCOAEPPadding.java,1
'Constant' variable guards dead code,Possible Control flow issues,/blowfish/BlowfishECBPKCS5Padding/SymmetricEnc_BlowfishECBPKCS5Padding.java,1
'Constant' variable guards dead code,Possible Control flow issues,/rc4/SymmetricEnc_RC4CTSSSL3Padding.java,1
'Constant' variable guards dead code,Possible Control flow issues,/rc2/SymmetricEnc_RC2GCMPKCS5Padding.java,1
'Constant' variable guards dead code,Possible Control flow issues,/des/DESedeCBCISO10126Padding/SymmetricEnc_DESedeCBCISO10126Padding.java,1
'Constant' variable guards dead code,Possible Control flow issues,/garbage/SymmetricEnc_GarbageECBNoPadding.java,1
'Constant' variable guards dead code,Possible Control flow issues,/rc4/SymmetricEnc_RC4CFBPKCS5Padding.java,1
'Constant' variable guards dead code,Possible Control flow issues,/garbage/GarbageGarbageGarbage/SymmetricEnc_GarbageGarbageGarbage.java,1
'Constant' variable guards dead code,Possible Control flow issues,/des/SymmetricEnc_DESECBPKCS1Padding.java,1
'Constant' variable guards dead code,Possible Control flow issues,/rc2/SymmetricEnc_RC2GCMNoPadding.java,1
'Constant' variable guards dead code,Possible Control flow issues,/arcfour/SymmetricEnc_ARCFOURCBCPKCS1Padding.java,1
'Constant' variable guards dead code,Possible Control flow issues,/des/DESCFBISO10126Padding/SymmetricEnc_DESCFBISO10126Padding.java,1
'Constant' variable guards dead code,Possible Control flow issues,/rc2/SymmetricEnc_RC2GCMSSL3Padding.java,1
'Constant' variable guards dead code,Possible Control flow issues,/des/SymmetricEnc_DESECBOAEPPadding.java,1
'Constant' variable guards dead code,Possible Control flow issues,/des/SymmetricEnc_DESCTRISO10126Padding.java,1
'Constant' variable guards dead code,Possible Control flow issues,/rc4/SymmetricEnc_RC4OFBPKCS5Padding.java,1
'Constant' variable guards dead code,Possible Control flow issues,/rc4/SymmetricEnc_RC4CTROAEPPadding.java,1
'Constant' variable guards dead code,Possible Control flow issues,/rc4/SymmetricEnc_RC4CTSOAEPPadding.java,1
'Constant' variable guards dead code,Possible Control flow issues,/des/SymmetricEnc_DESedeCCMPKCS5Padding.java,1
'Constant' variable guards dead code,Possible Control flow issues,/arcfour/SymmetricEnc_ARCFOURGCMPKCS1Padding.java,1
'Constant' variable guards dead code,Possible Control flow issues,/arcfour/SymmetricEnc_ARCFOURCTSNoPadding.java,1
'Constant' variable guards dead code,Possible Control flow issues,/rc2/SymmetricEnc_RC2CBCPKCS1Padding.java,1
'Constant' variable guards dead code,Possible Control flow issues,/arcfour/SymmetricEnc_ARCFOURCCMPKCS5Padding.java,1
'Constant' variable guards dead code,Possible Control flow issues,/rc4/SymmetricEnc_RC4CTSNoPadding.java,1
'Constant' variable guards dead code,Possible Control flow issues,/arcfour/SymmetricEnc_ARCFOURCTRISO10126Padding.java,1
'Constant' variable guards dead code,Possible Control flow issues,/des/SymmetricEnc_DESedeECBSSL3Padding.java,1
'Constant' variable guards dead code,Possible Control flow issues,/aes/AE$S/SymmetricEnc_AE$S.java,1
'Constant' variable guards dead code,Possible Control flow issues,/des/SymmetricEnc_DESGCMPKCS5Padding.java,1
'Constant' variable guards dead code,Possible Control flow issues,/rc4/SymmetricEnc_RC4CTSPKCS5Padding.java,1
'Constant' variable guards dead code,Possible Control flow issues,/arcfour/SymmetricEnc_ARCFOURCTRSSL3Padding.java,1
'Constant' variable guards dead code,Possible Control flow issues,/rc4/SymmetricEnc_RC4ECBPKCS1Padding.java,1
'Constant' variable guards dead code,Possible Control flow issues,/rc2/RC2ECBPKCS5Padding/SymmetricEnc_RC2ECBPKCS5Padding.java,1
'Constant' variable guards dead code,Possible Control flow issues,/des/SymmetricEnc_DESedeNoneNoPadding.java,1
'Constant' variable guards dead code,Possible Control flow issues,/blowfish/SymmetricEnc_BlowfishCTRPKCS1Padding.java,1
'Constant' variable guards dead code,Possible Control flow issues,/des/SymmetricEnc_DESNonePKCS1Padding.java,1
'Constant' variable guards dead code,Possible Control flow issues,/des/DESCTRPKCS5Padding/SymmetricEnc_DESCTRPKCS5Padding.java,1
'Constant' variable guards dead code,Possible Control flow issues,/blowfish/SymmetricEnc_BlowfishCFBPKCS1Padding.java,1
'Constant' variable guards dead code,Possible Control flow issues,/rc4/SymmetricEnc_RC4CCMOAEPPadding.java,1
'Constant' variable guards dead code,Possible Control flow issues,/arcfour/SymmetricEnc_ARCFOUROFBPKCS1Padding.java,1
'Constant' variable guards dead code,Possible Control flow issues,/des/SymmetricEnc_DESedeNoneOAEPPadding.java,1
'Constant' variable guards dead code,Possible Control flow issues,/garbage/SymmetricEnc_Garbage.java,1
'Constant' variable guards dead code,Possible Control flow issues,/arcfour/SymmetricEnc_ARCFOURCTRPKCS1Padding.java,1
'Constant' variable guards dead code,Possible Control flow issues,/des/SymmetricEnc_DESedeCTROAEPPadding.java,1
'Constant' variable guards dead code,Possible Control flow issues,/des/SymmetricEnc_DESedeCTSISO10126Padding.java,1
'Constant' variable guards dead code,Possible Control flow issues,/blowfish/SymmetricEnc_BlowfishGCMSSL3Padding.java,1
'Constant' variable guards dead code,Possible Control flow issues,/rc2/SymmetricEnc_RC2CTROAEPPadding.java,1
'Constant' variable guards dead code,Possible Control flow issues,/rc2/SymmetricEnc_RC2PCBCSSL3Padding.java,1
'Constant' variable guards dead code,Possible Control flow issues,/rc2/SymmetricEnc_RC2OFBOAEPPadding.java,1
'Constant' variable guards dead code,Possible Control flow issues,/des/SymmetricEnc_DESCBCOAEPPadding.java,1
'Constant' variable guards dead code,Possible Control flow issues,/des/SymmetricEnc_DESedeCCMNoPadding.java,1
'Constant' variable guards dead code,Possible Control flow issues,/rc4/SymmetricEnc_RC4CFBPKCS1Padding.java,1
'Constant' variable guards dead code,Possible Control flow issues,/blowfish/SymmetricEnc_BlowfishECBPKCS1Padding.java,1
'Constant' variable guards dead code,Possible Control flow issues,/rc2/RC2CBCISO10126Padding/SymmetricEnc_RC2CBCISO10126Padding.java,1
'Constant' variable guards dead code,Possible Control flow issues,/rc2/SymmetricEnc_RC2CTSOAEPPadding.java,1
'Constant' variable guards dead code,Possible Control flow issues,/rc4/SymmetricEnc_RC4PCBCPKCS1Padding.java,1
'Constant' variable guards dead code,Possible Control flow issues,/des/SymmetricEnc_DESCFBPKCS1Padding.java,1
'Constant' variable guards dead code,Possible Control flow issues,/blowfish/SymmetricEnc_BlowfishCFBOAEPPadding.java,1
'Constant' variable guards dead code,Possible Control flow issues,/rc4/SymmetricEnc_RC4PCBCNoPadding.java,1
'Constant' variable guards dead code,Possible Control flow issues,/arcfour/SymmetricEnc_ARCFOURNoneISO10126Padding.java,1
'Constant' variable guards dead code,Possible Control flow issues,/arcfour/SymmetricEnc_ARCFOUROFBNoPadding.java,1
'Constant' variable guards dead code,Possible Control flow issues,/des/DESedeCTRPKCS5Padding/SymmetricEnc_DESedeCTRPKCS5Padding.java,1
'Constant' variable guards dead code,Possible Control flow issues,/des/SymmetricEnc_DESedeGCMOAEPPadding.java,1
'Constant' variable guards dead code,Possible Control flow issues,/des/SymmetricEnc_DESedeCCMPKCS1Padding.java,1
'Constant' variable guards dead code,Possible Control flow issues,/des/SymmetricEnc_DESOFBPKCS1Padding.java,1
'Constant' variable guards dead code,Possible Control flow issues,/rc2/SymmetricEnc_RC2ECBOAEPPadding.java,1
'Constant' variable guards dead code,Possible Control flow issues,/rc4/SymmetricEnc_RC4OFBSSL3Padding.java,1
'Constant' variable guards dead code,Possible Control flow issues,/des/DESedePCBCPKCS5Padding/SymmetricEnc_DESedePCBCPKCS5Padding.java,1
'Constant' variable guards dead code,Possible Control flow issues,/rc4/SymmetricEnc_RC4ECBPKCS5Padding.java,1
'Constant' variable guards dead code,Possible Control flow issues,/blowfish/SymmetricEnc_BlowfishGCMPKCS1Padding.java,1
'Constant' variable guards dead code,Possible Control flow issues,/rc4/SymmetricEnc_RC4CBCPKCS5Padding.java,1
'Constant' variable guards dead code,Possible Control flow issues,/des/SymmetricEnc_DESCTSPKCS1Padding.java,1
'Constant' variable guards dead code,Possible Control flow issues,/arcfour/SymmetricEnc_ARCFOURCTRPKCS5Padding.java,1
'Constant' variable guards dead code,Possible Control flow issues,/des/SymmetricEnc_DESedeECBNoPadding.java,1
'Constant' variable guards dead code,Possible Control flow issues,/arcfour/SymmetricEnc_ARCFOURPCBCISO10126Padding.java,1
'Constant' variable guards dead code,Possible Control flow issues,/rc2/SymmetricEnc_RC2ECBNoPadding.java,1
'Constant' variable guards dead code,Possible Control flow issues,/arcfour/SymmetricEnc_ARCFOURECBISO10126Padding.java,1
'Constant' variable guards dead code,Possible Control flow issues,/des/SymmetricEnc_DESGCMOAEPPadding.java,1
'Constant' variable guards dead code,Possible Control flow issues,/arcfour/SymmetricEnc_ARCFOURCFBOAEPPadding.java,1
'Constant' variable guards dead code,Possible Control flow issues,/rc4/SymmetricEnc_RC4GCMPKCS5Padding.java,1
'Constant' variable guards dead code,Possible Control flow issues,/des/SymmetricEnc_DESedeCTRPKCS1Padding.java,1
'Constant' variable guards dead code,Possible Control flow issues,/des/SymmetricEnc_DESedeCCMISO10126Padding.java,1
'Constant' variable guards dead code,Possible Control flow issues,/des/SymmetricEnc_DESCTRSSL3Padding.java,1
'Constant' variable guards dead code,Possible Control flow issues,/des/SymmetricEnc_DESedeGCMSSL3Padding.java,1
'Constant' variable guards dead code,Possible Control flow issues,/rc4/SymmetricEnc_RC4PCBCSSL3Padding.java,1
'Constant' variable guards dead code,Possible Control flow issues,/arcfour/SymmetricEnc_ARCFOURPCBCPKCS5Padding.java,1
'Constant' variable guards dead code,Possible Control flow issues,/blowfish/SymmetricEnc_BlowfishCTRISO10126Padding.java,1
'Constant' variable guards dead code,Possible Control flow issues,/arcfour/SymmetricEnc_ARCFOURGarbageNoPadding.java,1
'Constant' variable guards dead code,Possible Control flow issues,/arcfour/SymmetricEnc_ARCFOURGCMSSL3Padding.java,1
'Constant' variable guards dead code,Possible Control flow issues,/rc4/SymmetricEnc_RC4CCMNoPadding.java,1
'Constant' variable guards dead code,Possible Control flow issues,/blowfish/SymmetricEnc_BlowfishNoneOAEPPadding.java,1
'Constant' variable guards dead code,Possible Control flow issues,/rc2/RC2PCBCPKCS5Padding/SymmetricEnc_RC2PCBCPKCS5Padding.java,1
'Constant' variable guards dead code,Possible Control flow issues,/rc2/rc2/SymmetricEnc_RC2.java,1
'Constant' variable guards dead code,Possible Control flow issues,/arcfour/SymmetricEnc_ARCFOURNonePKCS5Padding.java,1
'Constant' variable guards dead code,Possible Control flow issues,/rc2/RC2CFBNoPadding/SymmetricEnc_RC2CFBNoPadding.java,1
'Constant' variable guards dead code,Possible Control flow issues,/des/SymmetricEnc_DESNoneISO10126Padding.java,1
'Constant' variable guards dead code,Possible Control flow issues,/arcfour/SymmetricEnc_ARCFOURPCBCSSL3Padding.java,1
'Constant' variable guards dead code,Possible Control flow issues,/rc2/SymmetricEnc_RC2ECBPKCS1Padding.java,1
'Constant' variable guards dead code,Possible Control flow issues,/arcfour/SymmetricEnc_ARCFOURCCMSSL3Padding.java,1
'Constant' variable guards dead code,Possible Control flow issues,/des/SymmetricEnc_DESCFBOAEPPadding.java,1
'Constant' variable guards dead code,Possible Control flow issues,/des/SymmetricEnc_DESedeCBCSSL3Padding.java,1
'Constant' variable guards dead code,Possible Control flow issues,/rc2/SymmetricEnc_RC2NonePKCS1Padding.java,1
'Constant' variable guards dead code,Possible Control flow issues,/des/SymmetricEnc_DESedePCBCNoPadding.java,1
'Constant' variable guards dead code,Possible Control flow issues,/des/SymmetricEnc_DESedeCBCOAEPPadding.java,1
'Constant' variable guards dead code,Possible Control flow issues,/des/SymmetricEnc_DESCCMSSL3Padding.java,1
'Constant' variable guards dead code,Possible Control flow issues,/des/SymmetricEnc_DESCBCPKCS1Padding.java,1
'Constant' variable guards dead code,Possible Control flow issues,/des/SymmetricEnc_DESCCMNoPadding.java,1
'Constant' variable guards dead code,Possible Control flow issues,/rc2/RC2OFBPKCS5Padding/SymmetricEnc_RC2OFBPKCS5Padding.java,1
'Constant' variable guards dead code,Possible Control flow issues,/arcfour/SymmetricEnc_ARCFOURCFBPKCS1Padding.java,1
'Constant' variable guards dead code,Possible Control flow issues,/blowfish/SymmetricEnc_BlowfishPCBCOAEPPadding.java,1
'Constant' variable guards dead code,Possible Control flow issues,/rc4/SymmetricEnc_RC4ECBOAEPPadding.java,1
'Constant' variable guards dead code,Possible Control flow issues,/rc4/SymmetricEnc_RC4CCMSSL3Padding.java,1
'Constant' variable guards dead code,Possible Control flow issues,/des/des/SymmetricEnc_DES.java,1
'Constant' variable guards dead code,Possible Control flow issues,/blowfish/BlowfishOFBPKCS5Padding/SymmetricEnc_BlowfishOFBPKCS5Padding.java,1
'Constant' variable guards dead code,Possible Control flow issues,/arcfour/SymmetricEnc_ARCFOURCTSISO10126Padding.java,1
'Constant' variable guards dead code,Possible Control flow issues,/rc4/SymmetricEnc_RC4OFBNoPadding.java,1
'Constant' variable guards dead code,Possible Control flow issues,/des/SymmetricEnc_DESedeOFBPKCS1Padding.java,1
'Constant' variable guards dead code,Possible Control flow issues,/des/SymmetricEnc_DESGCMSSL3Padding.java,1
'Constant' variable guards dead code,Possible Control flow issues,/rc4/SymmetricEnc_RC4NonePKCS1Padding.java,1
'Constant' variable guards dead code,Possible Control flow issues,/rc2/SymmetricEnc_RC2NoneOAEPPadding.java,1
'Constant' variable guards dead code,Possible Control flow issues,/arcfour/SymmetricEnc_ARCFOURCTSPKCS5Padding.java,1
'Constant' variable guards dead code,Possible Control flow issues,/blowfish/SymmetricEnc_BlowfishCTSSSL3Padding.java,1
'Constant' variable guards dead code,Possible Control flow issues,/arcfour/SymmetricEnc_ARCFOURPCBCPKCS1Padding.java,1
'Constant' variable guards dead code,Possible Control flow issues,/des/SymmetricEnc_DESedeCTSSSL3Padding.java,1
'Constant' variable guards dead code,Possible Control flow issues,/blowfish/SymmetricEnc_BlowfishCBCOAEPPadding.java,1
'Constant' variable guards dead code,Possible Control flow issues,/rc2/RC2CFBPKCS5Padding/SymmetricEnc_RC2CFBPKCS5Padding.java,1
'Constant' variable guards dead code,Possible Control flow issues,/arcfour/SymmetricEnc_ARCFOURCBCISO10126Padding.java,1
'Constant' variable guards dead code,Possible Control flow issues,/blowfish/BlowfishCTSPKCS5Padding/SymmetricEnc_BlowfishCTSPKCS5Padding.java,1
'Constant' variable guards dead code,Possible Control flow issues,/des/DESCFBPKCS5Padding/SymmetricEnc_DESCFBPKCS5Padding.java,1
'Constant' variable guards dead code,Possible Control flow issues,/blowfish/SymmetricEnc_BlowfishGCMNoPadding.java,1
'Constant' variable guards dead code,Possible Control flow issues,/arcfour/SymmetricEnc_ARCFOURCBCSSL3Padding.java,1
'Constant' variable guards dead code,Possible Control flow issues,/des/SymmetricEnc_DESedeCFBPKCS1Padding.java,1
'Constant' variable guards dead code,Possible Control flow issues,/rc4/SymmetricEnc_RC4ECBISO10126Padding.java,1
'Constant' variable guards dead code,Possible Control flow issues,/rc4/SymmetricEnc_RC4PCBCOAEPPadding.java,1
'Constant' variable guards dead code,Possible Control flow issues,/rc2/SymmetricEnc_RC2GCMISO10126Padding.java,1
'Constant' variable guards dead code,Possible Control flow issues,/des/SymmetricEnc_DESedeCFBSSL3Padding.java,1
'Constant' variable guards dead code,Possible Control flow issues,/blowfish/SymmetricEnc_BlowfishCCMNoPadding.java,1
'Constant' variable guards dead code,Possible Control flow issues,/rc4/SymmetricEnc_RC4CFBISO10126Padding.java,1
'Constant' variable guards dead code,Possible Control flow issues,/des/SymmetricEnc_DESCCMPKCS5Padding.java,1
'Constant' variable guards dead code,Possible Control flow issues,/blowfish/SymmetricEnc_BlowfishCCMOAEPPadding.java,1
'Constant' variable guards dead code,Possible Control flow issues,/blowfish/SymmetricEnc_BlowfishPCBCPKCS1Padding.java,1
'Constant' variable guards dead code,Possible Control flow issues,/arcfour/SymmetricEnc_ARCFOURCCMOAEPPadding.java,1
'Constant' variable guards dead code,Possible Control flow issues,/rc4/SymmetricEnc_RC4CFBNoPadding.java,1
'Constant' variable guards dead code,Possible Control flow issues,/blowfish/SymmetricEnc_BlowfishCTSPKCS1Padding.java,1
'Constant' variable guards dead code,Possible Control flow issues,/des/DESedeECBPKCS5Padding/SymmetricEnc_DESedeECBPKCS5Padding.java,1
'Constant' variable guards dead code,Possible Control flow issues,/rc2/SymmetricEnc_RC2CTRISO10126Padding.java,1
'Constant' variable guards dead code,Possible Control flow issues,/des/SymmetricEnc_DESedeCFBOAEPPadding.java,1
'Constant' variable guards dead code,Possible Control flow issues,/arcfour/ARCFOURECBNoPadding/SymmetricEnc_ARCFOURECBNoPadding.java,1
'Constant' variable guards dead code,Possible Control flow issues,/rc2/SymmetricEnc_RC2CTSISO10126Padding.java,1
'Constant' variable guards dead code,Possible Control flow issues,/des/SymmetricEnc_DESGCMPKCS1Padding.java,1
'Constant' variable guards dead code,Possible Control flow issues,/des/SymmetricEnc_DESGCMNoPadding.java,1
